arxiv_id,source,label,tag,title,primary_category,submitted_date,abstract_clean
2601.01675,keyword,1,,VisuoTactile 6D Pose Estimation of an In-Hand Object using Vision and Tactile Sensor Data,cs.RO,2026-01-04T21:59:34+00:00,"Knowledge of the 6D pose of an object can benefit in-hand object manipulation. In-hand 6D object pose estimation is challenging because of heavy occlusion produced by the robot's grippers, which can have an adverse effect on methods that rely on vision data only. Many robots are equipped with tactile sensors at their fingertips that could be used to complement vision data. In this paper, we present a method that uses both tactile and vision data to estimate the pose of an object grasped in a robot's hand. To address challenges like lack of standard representation for tactile data and sensor fusion, we propose the use of point clouds to represent object surfaces in contact with the tactile sensor and present a network architecture based on pixel-wise dense fusion. We also extend NVIDIA's Deep Learning Dataset Synthesizer to produce synthetic photo-realistic vision data and corresponding tactile point clouds. Results suggest that using tactile data in addition to vision data improves the 6D pose estimate, and our network generalizes successfully from synthetic training to real physical robots."
2602.16308,keyword,0,kw_only,Markerless Robot Detection and 6D Pose Estimation for Multi-Agent SLAM,cs.RO,2026-02-18T09:38:06+00:00,"The capability of multi-robot SLAM approaches to merge localization history and maps from different observers is often challenged by the difficulty in establishing data association. Loop closure detection between perceptual inputs of different robotic agents is easily compromised in the context of perceptual aliasing, or when perspectives differ significantly. For this reason, direct mutual observation among robots is a powerful way to connect partial SLAM graphs, but often relies on the presence of calibrated arrays of fiducial markers (e.g., AprilTag arrays), which severely limits the range of observations and frequently fails under sharp lighting conditions, e.g., reflections or overexposure. In this work, we propose a novel solution to this problem leveraging recent advances in Deep-Learning-based 6D pose estimation. We feature markerless pose estimation as part of a decentralized multi-robot SLAM system and demonstrate the benefit to the relative localization accuracy among the robotic team. The solution is validated experimentally on data recorded in a test field campaign on a planetary analogous environment."
2604.0469,keyword,1,,Pickalo: Leveraging 6D Pose Estimation for Low-Cost Industrial Bin Picking,cs.RO,2026-04-06T13:56:57+00:00,"Bin picking in real industrial environments remains challenging due to severe clutter, occlusions, and the high cost of traditional 3D sensing setups. We present Pickalo, a modular 6D pose-based bin-picking pipeline built entirely on low-cost hardware. A wrist-mounted RGB-D camera actively explores the scene from multiple viewpoints, while raw stereo streams are processed with BridgeDepth to obtain refined depth maps suitable for accurate collision reasoning. Object instances are segmented with a Mask-RCNN model trained purely on photorealistic synthetic data and localized using the zero-shot SAM-6D pose estimator. A pose buffer module fuses multi-view observations over time, handling object symmetries and significantly reducing pose noise. Offline, we generate and curate large sets of antipodal grasp candidates per object; online, a utility-based ranking and fast collision checking are queried for the grasp planning. Deployed on a UR5e with a parallel-jaw gripper and an Intel RealSense D435i, Pickalo achieves up to 600 mean picks per hour with 96-99% grasp success and robust performance over 30-minute runs on densely filled euroboxes. Ablation studies demonstrate the benefits of enhanced depth estimation and of the pose buffer for long-term stability and throughput in realistic industrial conditions. Videos are available at https://mesh-iit.github.io/project-jl2-camozzi/"
2601.08034,keyword,0,kw_only,Fiducial Exoskeletons: Image-Centric Robot State Estimation,cs.RO,2026-01-12T22:04:25+00:00,"We introduce Fiducial Exoskeletons, an image-based reformulation of 3D robot state estimation that replaces cumbersome procedures and motor-centric pipelines with single-image inference. Traditional approaches - especially robot-camera extrinsic estimation - often rely on high-precision actuators and require time-consuming routines such as hand-eye calibration. In contrast, modern learning-based robot control is increasingly trained and deployed from RGB observations on lower-cost hardware. Our key insight is twofold. First, we cast robot state estimation as 6D pose estimation of each link from a single RGB image: the robot-camera base transform is obtained directly as the estimated base-link pose, and the joint state is recovered via a lightweight global optimization that enforces kinematic consistency with the observed link poses (optionally warm-started with encoder readings). Second, we make per-link 6D pose estimation robust and simple - even without learning - by introducing the fiducial exoskeleton: a lightweight 3D-printed mount with a fiducial marker on each link and known marker-link geometry. This design yields robust camera-robot extrinsics, per-link SE(3) poses, and joint-angle state from a single image, enabling robust state estimation even on unplugged robots. Demonstrated on a low-cost robot arm, fiducial exoskeletons substantially simplify setup while improving calibration, state accuracy, and downstream 3D control performance. We release code and printable hardware designs to enable further algorithm-hardware co-design."
2602.16365,keyword,0,kw_only,Markerless 6D Pose Estimation and Position-Based Visual Servoing for Endoscopic Continuum Manipulators,cs.RO,2026-02-18T11:08:32+00:00,"Continuum manipulators in flexible endoscopic surgical systems offer high dexterity for minimally invasive procedures; however, accurate pose estimation and closed-loop control remain challenging due to hysteresis, compliance, and limited distal sensing. Vision-based approaches reduce hardware complexity but are often constrained by limited geometric observability and high computational overhead, restricting real-time closed-loop applicability. This paper presents a unified framework for markerless stereo 6D pose estimation and position-based visual servoing of continuum manipulators. A photo-realistic simulation pipeline enables large-scale automatic training with pixel-accurate annotations. A stereo-aware multi-feature fusion network jointly exploits segmentation masks, keypoints, heatmaps, and bounding boxes to enhance geometric observability. To enforce geometric consistency without iterative optimization, a feed-forward rendering-based refinement module predicts residual pose corrections in a single pass. A self-supervised sim-to-real adaptation strategy further improves real-world performance using unlabeled data. Extensive real-world validation achieves a mean translation error of 0.83 mm and a mean rotation error of 2.76째 across 1,000 samples. Markerless closed-loop visual servoing driven by the estimated pose attains accurate trajectory tracking with a mean translation error of 2.07 mm and a mean rotation error of 7.41째, corresponding to 85% and 59% reductions compared to open-loop control, together with high repeatability in repeated point-reaching tasks. To the best of our knowledge, this work presents the first fully markerless pose-estimation-driven position-based visual servoing framework for continuum manipulators, enabling precise closed-loop control without physical markers or embedded sensing."
2604.02109,keyword,,uncertain,"ROS 2-Based LiDAR Perception Framework for Mobile Robots in Dynamic Production Environments, Utilizing Synthetic Data Generation, Transformation-Equivariant 3D Detection and Multi-Object Tracking",cs.RO,2026-04-02T14:45:12+00:00,"Adaptive robots in dynamic production environments require robust perception capabilities, including 6D pose estimation and multi-object tracking. To address limitations in real-world data dependency, noise robustness, and spatiotemporal consistency, a LiDAR framework based on the Robot Operating System integrating a synthetic-data-trained Transformation-Equivariant 3D Detection with multi-object-tracking leveraging center poses is proposed. Validated across 72 scenarios with motion capture technology, overall results yield an Intersection over Union of 62.6% for standalone pose estimation, rising to 83.12% with multi-object-tracking integration. Our LiDAR-based framework achieves 91.12% of Higher Order Tracking Accuracy, advancing robustness and versatility of LiDAR-based perception systems for industrial mobile manipulators."
2605.02708,keyword,1,,Temporally Consistent Object 6D Pose Estimation for Robot Control,cs.RO,2026-05-04T15:15:09+00:00,"Single-view RGB object pose estimators have reached a level of precision and efficiency that makes them good candidates for vision-based robot control. However, off-the-shelf methods lack temporal consistency and robustness that are mandatory for a stable feedback control. In this work, we develop a factor graph approach to enforce temporal consistency of the object pose estimates. In particular, the proposed approach: (i) incorporates object motion models, (ii) explicitly estimates the object pose measurement uncertainty, and (iii) integrates the above two components in an online optimization-based estimator. We demonstrate that with appropriate outlier rejection and smoothing using the proposed factor graph approach, we can significantly improve the results on standardized pose estimation benchmarks. We experimentally validate the stability of the proposed approach for a feedback-based robot control task in which the object is tracked by the camera attached to a torque controlled manipulator."
2510.05662,both,1,,DeLTa: Demonstration and Language-Guided Novel Transparent Object Manipulation,cs.RO,2025-10-07T08:18:29+00:00,"Despite the prevalence of transparent object interactions in human everyday life, transparent robotic manipulation research remains limited to short-horizon tasks and basic grasping capabilities. Although some methods have partially addressed these issues, most of them have limitations in generalization to novel objects and are insufficient for precise long-horizon robot manipulation. To address this limitation, we propose DeLTa (Demonstration and Language-Guided Novel Transparent Object Manipulation), a novel framework that integrates depth estimation, 6D pose estimation, and vision-language planning for precise long-horizon manipulation of transparent objects guided by natural language task instructions. A key advantage of our method is its single-demonstration approach, which generalizes 6D trajectories to novel transparent objects without requiring category-level priors or additional training. Additionally, we present a task planner that refines the VLM-generated plan to account for the constraints of a single-arm, eye-in-hand robot for long-horizon object manipulation tasks. Through comprehensive evaluation, we demonstrate that our method significantly outperforms existing transparent object manipulation approaches, particularly in long-horizon scenarios requiring precise manipulation capabilities. Project page: https://sites.google.com/view/DeLTa25/"
2604.02759,keyword,1,,OMNI-PoseX: A Fast Vision Model for 6D Object Pose Estimation in Embodied Tasks,cs.RO,2026-04-03T06:07:52+00:00,"Accurate 6D object pose estimation is a fundamental capability for embodied agents, yet remains highly challenging in open-world environments. Many existing methods often rely on closed-set assumptions or geometry-agnostic regression schemes, limiting their generalization, stability, and real-time applicability in robotic systems. We present OMNI-PoseX, a vision foundation model that introduces a novel network architecture unifying open-vocabulary perception with an SO(3)-aware reflected flow matching pose predictor. The architecture decouples object-level understanding from geometry-consistent rotation inference, and employs a lightweight multi-modal fusion strategy that conditions rotation-sensitive geometric features on compact semantic embeddings, enabling efficient and stable 6D pose estimation. To enhance robustness and generalization, the model is trained on large-scale 6D pose datasets, leveraging broad object diversity, viewpoint variation, and scene complexity to build a scalable open-world pose backbone. Comprehensive evaluations across benchmark pose estimation, ablation studies, zero-shot generalization, and system-level robotic grasping integration demonstrate the effectiveness of OMNI-PoseX. The OMNI-PoseX achieves SOTA pose accuracy and real-time efficiency, while delivering geometrically consistent predictions that enable reliable grasping of diverse, previously unseen objects."
2508.02187,keyword,0,kw_only,Registering the 4D Millimeter Wave Radar Point Clouds Via Generalized Method of Moments,cs.RO,2025-08-04T08:31:53+00:00,"4D millimeter wave radars (4D radars) are new emerging sensors that provide point clouds of objects with both position and radial velocity measurements. Compared to LiDARs, they are more affordable and reliable sensors for robots' perception under extreme weather conditions. On the other hand, point cloud registration is an essential perception module that provides robot's pose feedback information in applications such as Simultaneous Localization and Mapping (SLAM). Nevertheless, the 4D radar point clouds are sparse and noisy compared to those of LiDAR, and hence we shall confront great challenges in registering the radar point clouds. To address this issue, we propose a point cloud registration framework for 4D radars based on Generalized Method of Moments. The method does not require explicit point-to-point correspondences between the source and target point clouds, which is difficult to compute for sparse 4D radar point clouds. Moreover, we show the consistency of the proposed method. Experiments on both synthetic and real-world datasets show that our approach achieves higher accuracy and robustness than benchmarks, and the accuracy is even comparable to LiDAR-based frameworks."
2509.16532,both,1,,No Need for Real 3D: Fusing 2D Vision with Pseudo 3D Representations for Robotic Manipulation Learning,cs.RO,2025-09-20T04:43:42+00:00,"Recently,vision-based robotic manipulation has garnered significant attention and witnessed substantial advancements. 2D image-based and 3D point cloud-based policy learning represent two predominant paradigms in the field, with recent studies showing that the latter consistently outperforms the former in terms of both policy performance and generalization, thereby underscoring the value and significance of 3D information. However, 3D point cloud-based approaches face the significant challenge of high data acquisition costs, limiting their scalability and real-world deployment. To address this issue, we propose a novel framework NoReal3D: which introduces the 3DStructureFormer, a learnable 3D perception module capable of transforming monocular images into geometrically meaningful pseudo-point cloud features, effectively fused with the 2D encoder output features. Specially, the generated pseudo-point clouds retain geometric and topological structures so we design a pseudo-point cloud encoder to preserve these properties, making it well-suited for our framework. We also investigate the effectiveness of different feature fusion strategies.Our framework enhances the robot's understanding of 3D spatial structures while completely eliminating the substantial costs associated with 3D point cloud acquisition.Extensive experiments across various tasks validate that our framework can achieve performance comparable to 3D point cloud-based methods, without the actual point cloud data."
2606.21788,keyword,1,,Rotation-Aware Point-Cloud Embeddings for Vision-Based In-Hand Reorientation,cs.RO,2026-06-19T22:38:51+00:00,"Point-cloud goals provide a direct way to specify dexterous in-hand reorientation: instead of defining an object-specific pose frame or estimating 6D pose at test time, the policy is given the desired 3D geometry of the object. Yet raw point-cloud goal conditioning is poorly conditioned for policy learning. Current and goal clouds are unordered, independently sampled, and often visibility-dependent, so their discrepancy entangles object rotation with permutation, resampling, and unstable correspondence structure. For this reason, prior point-cloud manipulation methods typically add structure outside the representation itself, such as explicit pose or relative-pose inputs, dense flow features, or distillation from privileged teachers. We close this gap by learning a rotation-aware point-cloud embedding whose Euclidean latent distance is calibrated to the SO(3) geodesic error between object orientations. The resulting representation turns current-goal comparison into a smooth control signal, allowing a model-free RL policy to act from current and goal point-cloud embeddings, proprioception, and centroid metadata, without object pose, relative pose, dense flow, or teacher-action supervision. In in-hand reorientation experiments, this interface matches privileged-state and distillation-based baselines while avoiding brittle test-time computation of structured pose or flow inputs. These results suggest that point-cloud goals become practical for this task when the representation, rather than an external module, encodes the task-relevant geometry of rotation. We also show evidence that generic visual point-cloud pretraining is insufficient for such a current-goal comparison because it discards the task-relevant state and preserves only shape features."
2508.15427,keyword,1,,Lang2Lift: A Language-Guided Autonomous Forklift System for Outdoor Industrial Pallet Handling,cs.RO,2025-08-21T10:28:39+00:00,"Automating pallet handling in outdoor logistics and construction environments remains challenging due to unstructured scenes, variable pallet configurations, and changing environmental conditions. In this paper, we present Lang2Lift, an end-to-end language-guided autonomous forklift system designed to support practical pallet pick-up operations in real-world outdoor settings. The system enables operators to specify target pallets using natural language instructions, allowing flexible selection among multiple pallets with different loads and spatial arrangements. Lang2Lift integrates foundation-model-based perception modules with motion planning and control in a closed-loop autonomy pipeline. Language-grounded visual perception is used to identify and segment target pallets, followed by 6D pose estimation and geometric refinement to generate manipulation-feasible insertion poses. The resulting pose estimates are directly coupled with the forklift planning and control modules to execute fully autonomous pallet pick-up maneuvers. We deploy and evaluate the proposed system on the ADAPT autonomous outdoor forklift platform across diverse real-world scenarios, including cluttered scenes, variable lighting, and different payload configurations. Tolerance-based pose evaluation further indicates accuracy sufficient for successful fork insertion. Timing and failure analyses highlight key deployment trade-offs and practical limitations, providing insights into integrating language-guided perception within industrial automation systems. Video demonstrations are available at https://eric-nguyen1402.github.io/lang2lift.github.io/"
2602.17101,both,1,,Benchmarking the Effects of Object Pose Estimation and Reconstruction on Robotic Grasping Success,cs.RO,2026-02-19T05:55:01+00:00,"3D reconstruction serves as the foundational layer for numerous robotic perception tasks, including 6D object pose estimation and grasp pose generation. Modern 3D reconstruction methods for objects can produce visually and geometrically impressive meshes from multi-view images, yet standard geometric evaluations do not reflect how reconstruction quality influences downstream tasks such as robotic manipulation performance. This paper addresses this gap by introducing a large-scale, physics-based benchmark that evaluates 6D pose estimators and 3D mesh models based on their functional efficacy in grasping. We analyze the impact of model fidelity by generating grasps on various reconstructed 3D meshes and executing them on the ground-truth model, simulating how grasp poses generated with an imperfect model affect interaction with the real object. This assesses the combined impact of pose error, grasp robustness, and geometric inaccuracies from 3D reconstruction. Our results show that reconstruction artifacts significantly decrease the number of grasp pose candidates but have a negligible effect on grasping performance given an accurately estimated pose. Our results also reveal that the relationship between grasp success and pose error is dominated by spatial error, and even a simple translation error provides insight into the success of the grasping pose of symmetric objects. This work provides insight into how perception systems relate to object manipulation using robots."
2508.15972,keyword,1,,UnPose: Uncertainty-Guided Diffusion Priors for Zero-Shot Pose Estimation,cs.RO,2025-08-21T21:31:04+00:00,"Estimating the 6D pose of novel objects is a fundamental yet challenging problem in robotics, often relying on access to object CAD models. However, acquiring such models can be costly and impractical. Recent approaches aim to bypass this requirement by leveraging strong priors from foundation models to reconstruct objects from single or multi-view images, but typically require additional training or produce hallucinated geometry. To this end, we propose UnPose, a novel framework for zero-shot, model-free 6D object pose estimation and reconstruction that exploits 3D priors and uncertainty estimates from a pre-trained diffusion model. Specifically, starting from a single-view RGB-D frame, UnPose uses a multi-view diffusion model to estimate an initial 3D model using 3D Gaussian Splatting (3DGS) representation, along with pixel-wise epistemic uncertainty estimates. As additional observations become available, we incrementally refine the 3DGS model by fusing new views guided by the diffusion model's uncertainty, thereby continuously improving the pose estimation accuracy and 3D reconstruction quality. To ensure global consistency, the diffusion prior-generated views and subsequent observations are further integrated in a pose graph and jointly optimized into a coherent 3DGS field. Extensive experiments demonstrate that UnPose significantly outperforms existing approaches in both 6D pose estimation accuracy and 3D reconstruction quality. We further showcase its practical applicability in real-world robotic manipulation tasks."
2601.22988,embedding,1,,Learning Geometrically-Grounded 3D Visual Representations for View-Generalizable Robotic Manipulation,cs.RO,2026-01-30T13:53:53+00:00,"Real-world robotic manipulation demands visuomotor policies capable of robust spatial scene understanding and strong generalization across diverse camera viewpoints. While recent advances in 3D-aware visual representations have shown promise, they still suffer from several key limitations, including reliance on multi-view observations during inference which is impractical in single-view restricted scenarios, incomplete scene modeling that fails to capture holistic and fine-grained geometric structures essential for precise manipulation, and lack of effective policy training strategies to retain and exploit the acquired 3D knowledge. To address these challenges, we present MethodName, a unified representation-policy learning framework for view-generalizable robotic manipulation. MethodName introduces a single-view 3D pretraining paradigm that leverages point cloud reconstruction and feed-forward gaussian splatting under multi-view supervision to learn holistic geometric representations. During policy learning, MethodName performs multi-step distillation to preserve the pretrained geometric understanding and effectively transfer it to manipulation skills. We conduct experiments on 12 RLBench tasks, where our approach outperforms the previous state-of-the-art method by 12.7% in average success rate. Further evaluation on six representative tasks demonstrates strong zero-shot view generalization, with success rate drops of only 22.0% and 29.7% under moderate and large viewpoint shifts respectively, whereas the state-of-the-art method suffers larger decreases of 41.6% and 51.5%."
2607.03163,embedding,1,,Beyond Point-Attached Semantics: Object-Centric Semantic Fields for Generalizable Manipulation,cs.RO,2026-07-03T10:05:39+00:00,"Generalizable robot manipulation requires stable 3D understanding of functional object parts, such as handles, tool heads, openings, and graspable regions. Raw point clouds provide geometry but lack explicit part semantics, and their sampled points vary with viewpoint, sensor configuration, and object instance. Existing 2D feature lifting and discrete 3D point-wise features enrich point clouds with semantics, but the resulting features remain attached to observation-dependent samples. We propose an object-centric continuous semantic field that conditions on an object point cloud and reads part-aware semantic embeddings at explicit 3D query locations. The field is trained from part-annotated object models and then frozen to generate semantic point clouds as object-level conditioning for manipulation policies. Experiments on RoboTwin simulation tasks and real-world bimanual object manipulation show that our representation provides more stable functional-part cues and improves policy performance over raw point-cloud, 2D feature lifting, and 3D point-wise feature baselines. Project Page: https://zainzh.github.io/beyond-point-attached-semantics."
2509.17125,embedding,1,,Imagine2Act: Leveraging Object-Action Motion Consistency from Imagined Goals for Robotic Manipulation,cs.RO,2025-09-21T15:35:28+00:00,"Relational object rearrangement (ROR) tasks (e.g., insert flower to vase) require a robot to manipulate objects with precise semantic and geometric reasoning. Existing approaches either rely on pre-collected demonstrations that struggle to capture complex geometric constraints or generate goal-state observations to capture semantic and geometric knowledge, but fail to explicitly couple object transformation with action prediction, resulting in errors due to generative noise. To address these limitations, we propose Imagine2Act, a 3D imitation-learning framework that incorporates semantic and geometric constraints of objects into policy learning to tackle high-precision manipulation tasks. We first generate imagined goal images conditioned on language instructions and reconstruct corresponding 3D point clouds to provide robust semantic and geometric priors. These imagined goal point clouds serve as additional inputs to the policy model, while an object-action consistency strategy with soft pose supervision explicitly aligns predicted end-effector motion with generated object transformation. This design enables Imagine2Act to reason about semantic and geometric relationships between objects and predict accurate actions across diverse tasks. Experiments in both simulation and the real world demonstrate that Imagine2Act outperforms previous state-of-the-art policies. More visualizations can be found at https://sites.google.com/view/imagine2act."
2601.03782,embedding,,uncertain,PointWorld: Scaling 3D World Models for In-The-Wild Robotic Manipulation,cs.RO,2026-01-07T10:29:12+00:00,"Humans anticipate, from a glance and a contemplated action of their bodies, how the 3D world will respond, a capability that is equally vital for robotic manipulation. We introduce PointWorld, a large pre-trained 3D world model that unifies state and action in a shared 3D space as 3D point flows: given one or few RGB-D images and a sequence of low-level robot action commands, PointWorld forecasts per-pixel displacements in 3D that respond to the given actions. By representing actions as 3D point flows instead of embodiment-specific action spaces (e.g., joint positions), this formulation directly conditions on physical geometries of robots while seamlessly integrating learning across embodiments. To train our 3D world model, we curate a large-scale dataset spanning real and simulated robotic manipulation in open-world environments, enabled by recent advances in 3D vision and simulated environments, totaling about 2M trajectories and 500 hours across a single-arm Franka and a bimanual humanoid. Through rigorous, large-scale empirical studies of backbones, action representations, learning objectives, partial observability, data mixtures, domain transfers, and scaling, we distill design principles for large-scale 3D world modeling. With a real-time (0.1s) inference speed, PointWorld can be efficiently integrated in the model-predictive control (MPC) framework for manipulation. We demonstrate that a single pre-trained checkpoint enables a real-world Franka robot to perform rigid-body pushing, deformable and articulated object manipulation, and tool use, without requiring any demonstrations or post-training and all from a single image captured in-the-wild. Project website at https://point-world.github.io/."
2604.12908,embedding,1,,Robotic Manipulation is Vision-to-Geometry Mapping ($f(v) \rightarrow G$): Vision-Geometry Backbones over Language and Video Models,cs.RO,2026-04-14T15:57:16+00:00,"At its core, robotic manipulation is a problem of vision-to-geometry mapping ( ). Physical actions are fundamentally defined by geometric properties like 3D positions and spatial relationships. Consequently, we argue that the foundation for generalizable robotic control should be a vision-geometry backbone, rather than the widely adopted vision-language or video models. Conventional VLA and video-predictive models rely on backbones pretrained on large-scale 2D image-text or temporal pixel data. While effective, their representations are largely shaped by semantic concepts or 2D priors, which do not intrinsically align with the precise 3D geometric nature required for physical manipulation. Driven by this insight, we propose the Vision-Geometry-Action (VGA) model, which directly conditions action generation on pretrained native 3D representations. Specifically, VGA replaces conventional language or video backbones with a pretrained 3D world model, establishing a seamless vision-to-geometry mapping that translates visual inputs directly into physical actions. To further enhance geometric consistency, we introduce a Progressive Volumetric Modulation module and adopt a joint training strategy. Extensive experiments validate the effectiveness of our approach. In simulation benchmarks, VGA outperforms top-tier VLA baselines including and GeoVLA, demonstrating its superiority in precise manipulation. More importantly, VGA exhibits remarkable zero-shot generalization to unseen viewpoints in real-world deployments, consistently outperforming . These results highlight that operating on native 3D representations-rather than translating through language or 2D video priors-is a highly promising direction for achieving generalizable physical intelligence."
2512.24845,embedding,1,,ArtiSG: Functional 3D Scene Graph Construction via Human-demonstrated Articulated Objects Manipulation,cs.RO,2025-12-31T13:10:40+00:00,"3D scene graphs have empowered robots with semantic understanding for navigation and planning. However, current functional scene graphs primarily focus on static element detection, lacking the actionable kinematic information required for physical manipulation, particularly regarding articulated objects. Existing approaches for inferring articulation mechanisms from static observations are prone to visual ambiguity, while methods that estimate parameters from state changes typically rely on constrained settings such as fixed cameras and unobstructed views. Furthermore, inconspicuous functional elements like hidden handles are frequently missed by pure visual perception. To bridge this gap, we present ArtiSG, a framework that constructs functional 3D scene graphs by encoding human demonstrations into structured robotic memory. Our approach leverages a robust data collection pipeline utilizing a portable hardware setup to accurately track 6-DoF manipulation trajectories and estimate articulation axes, even under camera ego-motion. By integrating these kinematic priors into a hierarchical, open-vocabulary graph, our system not only models how articulated objects move but also utilizes physical interaction data to discover implicit elements. Extensive real-world experiments demonstrate that ArtiSG significantly outperforms baselines in functional element recall and articulation estimation precision. Moreover, we show that the constructed graph serves as a reliable robotic memory, effectively guiding robots to perform language-directed manipulation tasks in real-world environments containing diverse articulated objects."
2509.06233,embedding,1,,O$^3$Afford: One-Shot 3D Object-to-Object Affordance Grounding for Generalizable Robotic Manipulation,cs.RO,2025-09-07T22:45:06+00:00,"Grounding object affordance is fundamental to robotic manipulation as it establishes the critical link between perception and action among interacting objects. However, prior works predominantly focus on predicting single-object affordance, overlooking the fact that most real-world interactions involve relationships between pairs of objects. In this work, we address the challenge of object-to-object affordance grounding under limited data contraints. Inspired by recent advances in few-shot learning with 2D vision foundation models, we propose a novel one-shot 3D object-to-object affordance learning approach for robotic manipulation. Semantic features from vision foundation models combined with point cloud representation for geometric understanding enable our one-shot learning pipeline to generalize effectively to novel objects and categories. We further integrate our 3D affordance representation with large language models (LLMs) for robotics manipulation, significantly enhancing LLMs' capability to comprehend and reason about object interactions when generating task-specific constraint functions. Our experiments on 3D object-to-object affordance grounding and robotic manipulation demonstrate that our O Afford significantly outperforms existing baselines in terms of both accuracy and generalization capability."
2607.00031,embedding,,uncertain,Joint Discovery of Object and Action Symbols through Effect Prediction for Robotic Manipulation Planning,cs.RO,2026-06-22T11:58:11+00:00,"To perform complex manipulation planning, autonomous robots are required to abstract continuous, high-dimensional sensorimotor interactions into discrete object and action representations. Earlier work either categorized objects based on visual appearances, which fails to distinguish objects that appear similar but behave differently, or based on effects under interaction, but was limited to predefined actions. To address these limitations, we propose a model that jointly discovers high-level manipulation primitives and object categories through a binary bottleneck layer, trained to predict multi-modal outcomes, including object motion, contact, and force feedback, from random interaction data. Building on these discovered binary representations, we leverage a discrete planning method that uses intermediate steps in the predicted effect trajectory to enable partial action executions for precise low-level control. Additionally, we evaluate our framework's generalization capabilities on novel objects by assigning object categories through comparing a small number of interaction effects with the predicted effects of learned object symbols, enabling few-shot generalization based on behavior rather than visual similarity. We conduct experiments on tabletop repositioning and stacking tasks, and confirm that our effect-driven planning approach outperforms both a state-of-the-art method and a visual-based alternative in planning precision across seen and novel objects."
2509.04645,embedding,0,kw_only,Planning from Point Clouds over Continuous Actions for Multi-object Rearrangement,cs.RO,2025-09-04T20:07:15+00:00,"Long-horizon planning for robot manipulation is a challenging problem that requires reasoning about the effects of a sequence of actions on a physical 3D scene. While traditional task planning methods are shown to be effective for long-horizon manipulation, they require discretizing the continuous state and action space into symbolic descriptions of objects, object relationships, and actions. Instead, we propose a hybrid learning-and-planning approach that leverages learned models as domain-specific priors to guide search in high-dimensional continuous action spaces. We introduce SPOT: Search over Point cloud Object Transformations, which plans by searching for a sequence of transformations from an initial scene point cloud to a goal-satisfying point cloud. SPOT samples candidate actions from learned suggesters that operate on partially observed point clouds, eliminating the need to discretize actions or object relationships. We evaluate SPOT on multi-object rearrangement tasks, reporting task planning success and task execution success in both simulation and real-world environments. Our experiments show that SPOT generates successful plans and outperforms a policy-learning approach. We also perform ablations that highlight the importance of search-based planning."
2509.06191,embedding,0,kw_only,Learning in ImaginationLand: Omnidirectional Policies through 3D Generative Models (OP-Gen),cs.RO,2025-09-07T20:00:59+00:00,"Recent 3D generative models, which are capable of generating full object shapes from just a few images, now open up new opportunities in robotics. In this work, we show that 3D generative models can be used to augment a dataset from a single real-world demonstration, after which an omnidirectional policy can be learned within this imagined dataset. We found that this enables a robot to perform a task when initialised from states very far from those observed during the demonstration, including starting from the opposite side of the object relative to the real-world demonstration, significantly reducing the number of demonstrations required for policy learning. Through several real-world experiments across tasks such as grasping objects, opening a drawer, and placing trash into a bin, we study these omnidirectional policies by investigating the effect of various design choices on policy behaviour, and we show superior performance to recent baselines which use alternative methods for data augmentation."
2509.20297,embedding,0,kw_only,mindmap: Spatial Memory in Deep Feature Maps for 3D Action Policies,cs.RO,2025-09-24T16:29:56+00:00,"End-to-end learning of robot control policies, structured as neural networks, has emerged as a promising approach to robotic manipulation. To complete many common tasks, relevant objects are required to pass in and out of a robot's field of view. In these settings, spatial memory - the ability to remember the spatial composition of the scene - is an important competency. However, building such mechanisms into robot learning systems remains an open research problem. We introduce mindmap (Spatial Memory in Deep Feature Maps for 3D Action Policies), a 3D diffusion policy that generates robot trajectories based on a semantic 3D reconstruction of the environment. We show in simulation experiments that our approach is effective at solving tasks where state-of-the-art approaches without memory mechanisms struggle. We release our reconstruction system, training code, and evaluation tasks to spur research in this direction."
2603.006,embedding,0,kw_only,I-Perceive: A Foundation Model for Active Perception with Language Instructions,cs.RO,2026-02-28T11:38:56+00:00,"Active perception, the ability of a robot to proactively adjust its viewpoint to acquire task-relevant information, is essential for robust operation in unstructured real-world environments. While critical for downstream tasks such as manipulation, existing approaches have largely been confined to local settings (e.g., table-top scenes) with fixed perception objectives (e.g., occlusion reduction). Addressing active perception with open-ended intents in large-scale environments remains an open challenge. To bridge this gap, we propose I-Perceive, a foundation model for active perception conditioned on natural language instructions, designed for mobile manipulators and indoor environments. I-Perceive predicts camera views that follows open-ended language instructions, based on image-based scene contexts. By fusing a Vision-Language Model (VLM) backbone with a geometric foundation model, I-Perceive bridges semantic and geometric understanding, thus enabling effective reasoning for active perception. We train I-Perceive on a diverse dataset comprising real-world scene-scanning data and simulation data, both processed via an automated and scalable data generation pipeline. Experiments demonstrate that I-Perceive significantly outperforms state-of-the-art VLMs in both prediction accuracy and instruction following of generated camera views, and exhibits strong zero-shot generalization to novel scenes and tasks."
2606.02274,embedding,1,,Dexterity-BEV: Aligning 3D World and Actions for Generalizable Robot Policies Learning,cs.RO,2026-06-01T14:01:11+00:00,"End-to-end manipulation policies, combined with web-scale pretrained Vision-Language Models (VLMs), show the promise for generalizable and dexterous robotic manipulation. However, they inherit two key limitations from 2D foundation models: 1) the reliance on 2D RGB inputs that ignores the intrinsically 3D nature of manipulation; and 2) the lack of spatial 3D alignment between input-output spaces as well as across diverse robot embodiments, camera setups, and trajectory datasets. In this paper, we present a series of contributions to address these issues. First, we introduce aligned vertex map and vertex spectrum -- a pixel-wise 3D representation that elevates 2D visual inputs to 3D, using camera calibration and optional depth. This novel input representation marries 3D awareness with the generalization of 2D large VLMs. Then, we propose to align the inputs and outputs of manipulation policies by expressing per-pixel 3D information of each camera view and robot actions to a shared coordinate. Based on this, we designate a canonical Bird's-Eye-View (BEV) alignment frame and innovatively propose to construct BEV images, producing a view-invariant representation robust to camera pose variations. To enable training and evaluation at scale, we develop a comprehensive data processing pipeline to perform such alignments; we also introduce a novel temporal alignment scheme for trajectories across diverse robots, human operators, and datasets. These contributions collectively mitigate input and output spatial-temporal misalignments, improving the consistency and generalization for real-world manipulation. Pretrained checkpoint, source code and data processing pipeline are available in https://hnuzhy.github.io/projects/Dex-BEV."
2509.18676,embedding,,uncertain,3D Flow Diffusion Policy: Visuomotor Policy Learning via Generating Flow in 3D Space,cs.RO,2025-09-23T05:48:01+00:00,"Learning robust visuomotor policies that generalize across diverse objects and interaction dynamics remains a central challenge in robotic manipulation. Most existing approaches rely on direct observation-to-action mappings or compress perceptual inputs into global or object-centric features, which often overlook localized motion cues critical for precise and contact-rich manipulation. We present 3D Flow Diffusion Policy (3D FDP), a novel framework that leverages scene-level 3D flow as a structured intermediate representation to capture fine-grained local motion cues. Our approach predicts the temporal trajectories of sampled query points and conditions action generation on these interaction-aware flows, implemented jointly within a unified diffusion architecture. This design grounds manipulation in localized dynamics while enabling the policy to reason about broader scene-level consequences of actions. Extensive experiments on the MetaWorld benchmark show that 3D FDP achieves state-of-the-art performance across 50 tasks, particularly excelling on medium and hard settings. Beyond simulation, we validate our method on eight real-robot tasks, where it consistently outperforms prior baselines in contact-rich and non-prehensile scenarios. These results highlight 3D flow as a powerful structural prior for learning generalizable visuomotor policies, supporting the development of more robust and versatile robotic manipulation. Robot demonstrations, additional results, and code can be found at https://sites.google.com/view/3dfdp/home."
2509.25747,embedding,0,kw_only,Best of Sim and Real: Decoupled Visuomotor Manipulation via Learning Control in Simulation and Perception in Real,cs.RO,2025-09-30T04:06:01+00:00,"Sim-to-real transfer remains a fundamental challenge in robot manipulation due to the entanglement of perception and control in end-to-end learning. We present a decoupled framework that learns each component where it is most reliable: control policies are trained in simulation with privileged state to master spatial layouts and manipulation dynamics, while perception is adapted only at deployment to bridge real observations to the frozen control policy. Our key insight is that control strategies and action patterns are universal across environments and can be learned in simulation through systematic randomization, while perception is inherently domain-specific and must be learned where visual observations are authentic. Unlike existing end-to-end approaches that require extensive real-world data, our method achieves strong performance with only 10-20 real demonstrations by reducing the complex sim-to-real problem to a structured perception alignment task. We validate our approach on tabletop manipulation tasks, demonstrating superior data efficiency and out-of-distribution generalization compared to end-to-end baselines. The learned policies successfully handle object positions and scales beyond the training distribution, confirming that decoupling perception from control fundamentally improves sim-to-real transfer."
